-- phpMyAdmin SQL Dump
-- version 3.3.0
-- http://www.phpmyadmin.net
--
-- Host: 127.0.0.1:3306

-- Generation Time: Mar 12, 2024 at 04:10 PM
-- Server version: 5.1.44
-- PHP Version: 5.2.13

SET SQL_MODE="NO_AUTO_VALUE_ON_ZERO";


/*!40101 SET @OLD_CHARACTER_SET_CLIENT=@@CHARACTER_SET_CLIENT */;
/*!40101 SET @OLD_CHARACTER_SET_RESULTS=@@CHARACTER_SET_RESULTS */;
/*!40101 SET @OLD_COLLATION_CONNECTION=@@COLLATION_CONNECTION */;
/*!40101 SET NAMES utf8 */;

--
-- Database: `sembd`
--

-- --------------------------------------------------------

--
-- Table structure for table `administradores`
--

CREATE TABLE `administradores` (
  `id` int(11) NOT NULL AUTO_INCREMENT,
  `nombre` varchar(128) NOT NULL,
  `apellidos` varchar(128) NOT NULL,
  `correo` varchar(128) NOT NULL,
  `pass` varchar(32) NOT NULL,
  `rol` int(1) NOT NULL DEFAULT '3',
  `archivo_n` varchar(255) NOT NULL,
  `archivo` varchar(128) NOT NULL,
  `status` int(1) NOT NULL DEFAULT '1',
  `eliminado` int(1) NOT NULL DEFAULT '0',
  PRIMARY KEY (`id`),
  KEY `id` (`id`)
) ENGINE=MyISAM  DEFAULT CHARSET=utf8 AUTO_INCREMENT=6 ;

--
-- Dumping data for table `administradores`
--

INSERT INTO `administradores` VALUES(1, 'Fernando Cesar', 'Sandoval Padilla', 'fernandocsp19@gmail.com', 'd8578edf8458ce06fbc5bb76a58c5ca4', 2, 'PSX_20200416_235531.jpg', 'd1927bb1bc796eaddef6a0f87e33abe6.jpg', 1, 0);
INSERT INTO `administradores` VALUES(2, 'Hector Miguel', 'Sanchez Sanchez', 'hectoda87@gmail.com', 'd8578edf8458ce06fbc5bb76a58c5ca4', 2, '34354rergteret.jpg', 'ae08746f4197d24fc9e559e1ed2a058e.jpg', 1, 0);
INSERT INTO `administradores` VALUES(3, 'Pedro Damian', 'Muro Aguirre', 'pedromuagi@gmail.com', 'd8578edf8458ce06fbc5bb76a58c5ca4', 1, '24476.jpg', '899bb68743b1d9d4dca265b8f4f8c385.jpg', 1, 0);
INSERT INTO `administradores` VALUES(4, 'Francisco', 'Saldivar Fonseca', 'franciscosaldvf@gmail.com', 'd8578edf8458ce06fbc5bb76a58c5ca4', 2, '24476.jpg', '899bb68743b1d9d4dca265b8f4f8c385.jpg', 1, 0);
INSERT INTO `administradores` VALUES(5, 'Fatima', 'Navarro', 'fatnav@gmail.com', 'd8578edf8458ce06fbc5bb76a58c5ca4', 1, 'fdhfghfh.jpg', '5f1be5ec83570ab30d19887b28592a08.jpg', 1, 0);

-- --------------------------------------------------------

--
-- Table structure for table `banners`
--

CREATE TABLE `banners` (
  `id` int(11) NOT NULL AUTO_INCREMENT,
  `nombre` varchar(128) NOT NULL,
  `archivo` varchar(64) NOT NULL,
  `status` int(1) NOT NULL DEFAULT '1',
  `eliminado` int(1) NOT NULL DEFAULT '0',
  PRIMARY KEY (`id`)
) ENGINE=MyISAM  DEFAULT CHARSET=utf8 AUTO_INCREMENT=5 ;

--
-- Dumping data for table `banners`
--

INSERT INTO `banners` VALUES(1, 'Guitarra', 'e718968e453603cb05d4e3046f6e2104.jpg', 1, 0);
INSERT INTO `banners` VALUES(2, 'Guitarra2', 'c8b02fcfcfb56ffdfe7abb117b4fc23d.jpg', 1, 0);
INSERT INTO `banners` VALUES(3, 'Guitarra 3', 'db4ca36d30296a24ba94afcb0c749a42.jpg', 1, 0);
INSERT INTO `banners` VALUES(4, 'Banner editado', '173cea62edd4f31e24fb10debc5fc5ff.jpg', 1, 0);

-- --------------------------------------------------------

--
-- Table structure for table `clientes`
--

CREATE TABLE `clientes` (
  `id` int(11) NOT NULL AUTO_INCREMENT,
  `nombre` varchar(128) NOT NULL,
  `apellidos` varchar(128) NOT NULL,
  `correo` varchar(128) NOT NULL,
  `pass` varchar(64) NOT NULL,
  `status` int(1) NOT NULL DEFAULT '1',
  `eliminado` int(1) NOT NULL DEFAULT '0',
  `nivel` int(1) NOT NULL DEFAULT '1',
  `id_progresocursos` int(11) NOT NULL,
  `id_progresotemas` int(11) NOT NULL,
  `archivo_n` varchar(255) NOT NULL,
  `archivo` varchar(128) NOT NULL,
  PRIMARY KEY (`id`),
  KEY `id` (`id`)
) ENGINE=MyISAM  DEFAULT CHARSET=utf8 AUTO_INCREMENT=5 ;

--
-- Dumping data for table `clientes`
--

INSERT INTO `clientes` VALUES(1, 'Fernando Cesar', 'Sandoval Padilla', 'fernandocsp19@gmail.com', 'd8578edf8458ce06fbc5bb76a58c5ca4', 1, 0, 3, 0, 0, '34354rergteret.jpg', 'ae08746f4197d24fc9e559e1ed2a058e.jpg');
INSERT INTO `clientes` VALUES(2, 'Abraham', 'Torres Bernal', 'abrahamtobe71@gmail.com', 'd8578edf8458ce06fbc5bb76a58c5ca4', 1, 0, 2, 0, 0, 'tthrthth.jpg', '31b3ffc5ea5acb9ce42ea98ecf3b66a9.jpg');
INSERT INTO `clientes` VALUES(3, 'Ximena', 'Montes Velazquez', 'ximenamontes@gmail.com', 'd8578edf8458ce06fbc5bb76a58c5ca4', 1, 0, 1, 0, 0, '566.jpg', 'acd37116aba19feb4b65b72407120ed7.jpg');
INSERT INTO `clientes` VALUES(4, 'Miguel', 'Gutierrez Sanchez', 'migueguti713@gmail.com', 'd8578edf8458ce06fbc5bb76a58c5ca4', 1, 0, 1, 0, 0, 'regmfdgd.jpg', '5bf6d7e8ac9c5e6f5854f449c0e3b2b7.jpg');

-- --------------------------------------------------------

--
-- Table structure for table `cursos`
--

CREATE TABLE `cursos` (
  `id` int(11) NOT NULL AUTO_INCREMENT,
  `nivel` int(11) NOT NULL,
  `id_tema` int(11) NOT NULL,
  PRIMARY KEY (`id`)
) ENGINE=MyISAM  DEFAULT CHARSET=utf8 AUTO_INCREMENT=20 ;

--
-- Dumping data for table `cursos`
--

INSERT INTO `cursos` VALUES(2, 1, 1);
INSERT INTO `cursos` VALUES(3, 1, 2);
INSERT INTO `cursos` VALUES(4, 1, 3);
INSERT INTO `cursos` VALUES(5, 1, 4);
INSERT INTO `cursos` VALUES(6, 1, 5);
INSERT INTO `cursos` VALUES(7, 2, 6);
INSERT INTO `cursos` VALUES(8, 2, 7);
INSERT INTO `cursos` VALUES(16, 2, 8);
INSERT INTO `cursos` VALUES(17, 2, 9);
INSERT INTO `cursos` VALUES(12, 3, 10);
INSERT INTO `cursos` VALUES(13, 3, 11);
INSERT INTO `cursos` VALUES(14, 3, 12);
INSERT INTO `cursos` VALUES(18, 3, 13);

-- --------------------------------------------------------

--
-- Table structure for table `pedidos`
--

CREATE TABLE `pedidos` (
  `id` int(11) NOT NULL AUTO_INCREMENT,
  `fecha` datetime NOT NULL,
  `usuario` varchar(32) NOT NULL,
  `status` int(11) NOT NULL DEFAULT '0',
  PRIMARY KEY (`id`),
  KEY `id` (`id`)
) ENGINE=MyISAM  DEFAULT CHARSET=utf8 AUTO_INCREMENT=14 ;

--
-- Dumping data for table `pedidos`
--

INSERT INTO `pedidos` VALUES(1, '2021-06-27 15:22:36', '1', 1);
INSERT INTO `pedidos` VALUES(2, '2021-06-27 23:24:54', '2', 1);
INSERT INTO `pedidos` VALUES(3, '2021-06-28 02:34:02', '4', 1);
INSERT INTO `pedidos` VALUES(4, '2021-06-28 02:49:47', '4', 1);
INSERT INTO `pedidos` VALUES(5, '2021-06-28 04:48:16', '4', 1);
INSERT INTO `pedidos` VALUES(6, '2021-06-29 12:30:30', '1', 1);
INSERT INTO `pedidos` VALUES(7, '2021-06-29 12:32:38', '1', 1);
INSERT INTO `pedidos` VALUES(8, '2021-06-29 12:43:07', '1', 1);
INSERT INTO `pedidos` VALUES(9, '2021-07-01 14:23:26', '1', 1);
INSERT INTO `pedidos` VALUES(10, '2021-07-05 21:24:22', '1625570395', 1);
INSERT INTO `pedidos` VALUES(11, '2021-07-05 21:25:21', '1625570395', 0);
INSERT INTO `pedidos` VALUES(12, '2021-07-05 21:28:01', '1', 1);
INSERT INTO `pedidos` VALUES(13, '2021-07-05 21:33:24', '1625569567', 0);

-- --------------------------------------------------------

--
-- Table structure for table `pedidos_productos`
--

CREATE TABLE `pedidos_productos` (
  `id` int(11) NOT NULL AUTO_INCREMENT,
  `id_pedido` int(11) NOT NULL,
  `id_producto` int(11) NOT NULL,
  `cantidad` int(11) NOT NULL,
  `precio` double NOT NULL,
  PRIMARY KEY (`id`),
  KEY `id` (`id`)
) ENGINE=MyISAM  DEFAULT CHARSET=utf8 AUTO_INCREMENT=36 ;

--
-- Dumping data for table `pedidos_productos`
--

INSERT INTO `pedidos_productos` VALUES(1, 1, 1, 1, 4200);
INSERT INTO `pedidos_productos` VALUES(2, 1, 6, 1, 1127);
INSERT INTO `pedidos_productos` VALUES(9, 3, 4, 1, 1090);
INSERT INTO `pedidos_productos` VALUES(4, 2, 1, 1, 4200);
INSERT INTO `pedidos_productos` VALUES(5, 2, 2, 1, 3485);
INSERT INTO `pedidos_productos` VALUES(6, 2, 3, 1, 3779);
INSERT INTO `pedidos_productos` VALUES(7, 2, 4, 1, 1090);
INSERT INTO `pedidos_productos` VALUES(8, 2, 5, 1, 1344);
INSERT INTO `pedidos_productos` VALUES(11, 4, 3, 1, 3779);
INSERT INTO `pedidos_productos` VALUES(12, 4, 2, 1, 3485);
INSERT INTO `pedidos_productos` VALUES(13, 4, 1, 1, 4200);
INSERT INTO `pedidos_productos` VALUES(14, 5, 2, 1, 3485);
INSERT INTO `pedidos_productos` VALUES(15, 5, 1, 1, 4200);
INSERT INTO `pedidos_productos` VALUES(16, 5, 4, 1, 1090);
INSERT INTO `pedidos_productos` VALUES(17, 6, 2, 3, 3485);
INSERT INTO `pedidos_productos` VALUES(18, 7, 1, 2, 4200);
INSERT INTO `pedidos_productos` VALUES(19, 7, 5, 1, 1344);
INSERT INTO `pedidos_productos` VALUES(20, 8, 3, 2, 3779);
INSERT INTO `pedidos_productos` VALUES(21, 8, 6, 2, 1127);
INSERT INTO `pedidos_productos` VALUES(22, 9, 2, 1, 3485);
INSERT INTO `pedidos_productos` VALUES(23, 9, 3, 1, 3779);
INSERT INTO `pedidos_productos` VALUES(24, 9, 5, 1, 1344);
INSERT INTO `pedidos_productos` VALUES(25, 10, 2, 1, 3485);
INSERT INTO `pedidos_productos` VALUES(26, 10, 3, 1, 3779);
INSERT INTO `pedidos_productos` VALUES(27, 10, 6, 2, 1127);
INSERT INTO `pedidos_productos` VALUES(28, 11, 1, 1, 4200);
INSERT INTO `pedidos_productos` VALUES(29, 11, 5, 1, 1344);
INSERT INTO `pedidos_productos` VALUES(30, 11, 6, 1, 1127);
INSERT INTO `pedidos_productos` VALUES(31, 12, 3, 1, 3779);
INSERT INTO `pedidos_productos` VALUES(32, 12, 2, 1, 3485);
INSERT INTO `pedidos_productos` VALUES(33, 12, 1, 1, 4200);
INSERT INTO `pedidos_productos` VALUES(34, 12, 5, 1, 1344);
INSERT INTO `pedidos_productos` VALUES(35, 13, 3, 1, 3779);

-- --------------------------------------------------------

--
-- Table structure for table `productos`
--

CREATE TABLE `productos` (
  `id` int(11) NOT NULL AUTO_INCREMENT,
  `nombre` varchar(128) NOT NULL,
  `codigo` varchar(32) NOT NULL,
  `descripcion` text NOT NULL,
  `costo` double NOT NULL,
  `stock` int(11) NOT NULL,
  `archivo_n` varchar(255) NOT NULL,
  `archivo` varchar(128) NOT NULL,
  `status` int(11) NOT NULL DEFAULT '1',
  `eliminado` int(11) NOT NULL DEFAULT '0',
  PRIMARY KEY (`id`),
  KEY `id` (`id`)
) ENGINE=MyISAM  DEFAULT CHARSET=utf8 AUTO_INCREMENT=8 ;

--
-- Dumping data for table `productos`
--

INSERT INTO `productos` VALUES(1, 'Guitarra electroacústica Fender Alternative FA-125CE natural', '2345', 'Guitarras prácticas y funcionales, para aficionados y profesionales. Fender es una empresa que transforma la música en todo el mundo y atraviesa una gran variedad de géneros. Es el mayor fabricante internacional y sus productos representan un ícono cultural.\r\nSonido amplificado\r\nAl ser electroacústica es posible conseguir un mejor sonido e incrementado cuando lo conectes a un sistema de altavoces.\r\n\r\nUn modelo para cada guitarrista\r\nLa tapa de abeto genera un tono brillante y claro, incluso en los registros más agudos.\r\n\r\nCalidad que se hace notar\r\nLas cuerdas de metal se caracterizan por su bajo estiramiento y resistencia a la corrosión y abrasión. Son más duraderas, sólidas y generan un sonido brillante y claro.\r\n\r\n', 4200, 14, 'D_NQ_NP_809148-MLA44437546351_122020-O.webp', 'de7fabbadde76ae5f7c221104a5f29c9.webp', 1, 0);
INSERT INTO `productos` VALUES(2, 'Guitarra electroacústica Segovia SGD20EC negra', '2346', '\r\nDisfruta con esta guitarra Segovia de la conexión con la música. Está diseñada para aficionados y profesionales. Con este instrumento descubrirás nuevos acordes, entonarás tus canciones y disfrutarás de la vida musical.\r\n\r\nSonido amplificado\r\nAl ser electroacústica es posible conseguir un mejor sonido e incrementado cuando lo conectes a un sistema de altavoces.\r\n\r\nUn modelo para cada guitarrista\r\nLa tapa de tilo tiene un peso y una densidad que te ofrecen un sonido con más cuerpo. Esta madera presenta un buen equilibrio de graves, por lo que suena con más peso rítmico y un tono suave.\r\n\r\nCalidad que se hace notar\r\nLas cuerdas de metal se caracterizan por su bajo estiramiento y resistencia a la corrosión y abrasión. Son más duraderas, sólidas y generan un sonido brillante y claro.\r\nAdemás, como son 12 podés trabajar con mayores escalas y lograr melodías únicas.', 3485, 16, 'fgedrhgrhg.webp', '3345c43a4a491c47276f2d0699482d5e.webp', 1, 0);
INSERT INTO `productos` VALUES(3, 'Guitarra clásica electroacústica Yamaha CX40 natural', '2347', 'Con más de un siglo en la fabricación de instrumentos musicales, Yamaha es una marca que habla por sí sola. Al ser una referente mundial de la industria musical, su sello de calidad en guitarras es un diferencial asegurado para tus canciones.\r\n\r\nSonido amplificado\r\nAl ser electroacústica es posible conseguir un mejor sonido e incrementado cuando lo conectes a un sistema de altavoces.\r\n\r\nUn modelo para cada guitarrista\r\nLa tapa de abeto genera un tono brillante y claro, incluso en los registros más agudos.\r\n\r\nCalidad que se hace notar\r\nSus cuerdas de nailon se caracterizan por ser flexibles y resistentes. Te aseguran durabilidad y además tienen un gran poder de absorción de la carga del choque.', 3779, 7, 'ergrgregrgdgdgf.webp', 'd1557e3b5e05141088a102efc2d8eb7f.webp', 1, 0);
INSERT INTO `productos` VALUES(4, 'Guitarra Clasica En Paquete Todo Incluido Capo Pack', '2348', 'LIBERA TU TALENTO CON MUSIPAR\r\n\r\nEn MUSIPAR somos pioneros en la construccion de instrumentos musicales de cuerda, contamos con una trayectoria de mas de 50 años en la fabricacion y distribucion de estos, comprometidos siempre con ofrecer el mejor servicio y la mejor relacion Calidad/Precio, no sin dejar de lado el cuidar siempre nuestros recursos naturales, por tal razon el instrumento que recibiras esta fabricado con las mejores maderas de importacion, en su mayoria de bosques sustentables canadienses, maderas eestufadas que garantizan a un 100% estar libres de humedad, trabajadas por las manos magicas de Lauderos y Artesanos Parachenses, desde la capital mundial de las guitarras para el mundo.', 1090, 27, 'ghghjkdfhg.webp', 'a747fcfd1f75d745f58f63279be7a101.webp', 1, 0);
INSERT INTO `productos` VALUES(5, 'Guitarra clásica electroacústica Guitarras Valdez PS900 negra', '2349', 'Disfruta con esta guitarra Guitarras Valdez de la conexión con la música. Está diseñada para aficionados y profesionales. Con este instrumento descubrirás nuevos acordes, entonarás tus canciones y disfrutarás de la vida musical.\r\n\r\nSonido amplificado\r\nAl ser electroacústica es posible conseguir un mejor sonido e incrementado cuando lo conectes a un sistema de altavoces.\r\n\r\nUn modelo para cada guitarrista\r\nLa tapa de arce ofrece agudos claros bien definidos y graves profundos. Se destaca por ser muy vistoso y por su buena estética.\r\n\r\nCalidad que se hace notar\r\nSus cuerdas de nailon se caracterizan por ser flexibles y resistentes. Te aseguran durabilidad y además tienen un gran poder de absorción de la carga del choque.', 1344, 26, 'jjfghgfujj.webp', '664c694a842f6054ff9f195698813866.webp', 1, 0);
INSERT INTO `productos` VALUES(6, 'Guitarra Acustica Vz En Paquete Con Afinador Electronico Varios Colores Hecha Artesanal En Paracho Michoacan', '2350', 'VZ es una de las mejores guitarras para estudiante con los mejores acabados en barniz y maderas este instrumento musical es elaborado en México por técnicos lauderos con mas de 30 años de experiencia elaborando guitarras artesanales en el estado de Michoacán.', 1127, 21, 'ergfdr hujkkjj.webp', 'ba162f432be998c0264378d760e63d08.webp', 1, 0);
INSERT INTO `productos` VALUES(7, 'Guitarra de prueba', '2222', 'Guitarra de prueba', 1000, 25, 'ghghjkdfhg.webp', 'a747fcfd1f75d745f58f63279be7a101.webp', 1, 1);

-- --------------------------------------------------------

--
-- Table structure for table `progreso_tema`
--

CREATE TABLE `progreso_tema` (
  `id` int(11) NOT NULL AUTO_INCREMENT,
  `id_tema` int(11) NOT NULL,
  `id_usuario` int(11) NOT NULL,
  `eliminado` int(11) NOT NULL DEFAULT '0',
  PRIMARY KEY (`id`)
) ENGINE=MyISAM  DEFAULT CHARSET=utf8 AUTO_INCREMENT=18 ;

--
-- Dumping data for table `progreso_tema`
--

INSERT INTO `progreso_tema` VALUES(1, 1, 1, 0);
INSERT INTO `progreso_tema` VALUES(2, 2, 1, 0);
INSERT INTO `progreso_tema` VALUES(3, 3, 1, 0);
INSERT INTO `progreso_tema` VALUES(4, 4, 1, 0);
INSERT INTO `progreso_tema` VALUES(5, 5, 1, 0);
INSERT INTO `progreso_tema` VALUES(6, 6, 1, 0);
INSERT INTO `progreso_tema` VALUES(7, 7, 1, 0);
INSERT INTO `progreso_tema` VALUES(8, 8, 1, 0);
INSERT INTO `progreso_tema` VALUES(9, 9, 1, 0);
INSERT INTO `progreso_tema` VALUES(10, 1, 2, 0);
INSERT INTO `progreso_tema` VALUES(11, 2, 2, 0);
INSERT INTO `progreso_tema` VALUES(12, 3, 2, 0);
INSERT INTO `progreso_tema` VALUES(13, 4, 2, 0);
INSERT INTO `progreso_tema` VALUES(14, 5, 2, 0);
INSERT INTO `progreso_tema` VALUES(15, 6, 2, 0);
INSERT INTO `progreso_tema` VALUES(16, 10, 1, 0);
INSERT INTO `progreso_tema` VALUES(17, 1, 4, 0);

-- --------------------------------------------------------

--
-- Table structure for table `temas`
--

CREATE TABLE `temas` (
  `id` int(11) NOT NULL AUTO_INCREMENT,
  `titulo` varchar(128) NOT NULL,
  `descripcion` text NOT NULL,
  `id_administrador` int(11) NOT NULL,
  `contenido` text NOT NULL,
  `archivo_n` varchar(255) NOT NULL,
  `archivo` varchar(128) NOT NULL,
  `fecha` datetime NOT NULL,
  `status` int(11) NOT NULL DEFAULT '1',
  `eliminado` int(11) NOT NULL DEFAULT '0',
  PRIMARY KEY (`id`)
) ENGINE=MyISAM  DEFAULT CHARSET=utf8 AUTO_INCREMENT=15 ;

--
-- Dumping data for table `temas`
--

INSERT INTO `temas` VALUES(1, 'Introducción', 'El propósito fundamental de éste curso es ofrecerte un detallado y completo estudio de lo más básico del estudio de la guitarra, independientemente del estilo que quieras tocar. Voy a intentar abarcarlo en 20 lecciones. No sólo sirve para principiantes, sino también a todos aquellos que quieran tomar una retroalimentación.', 1, 'Es muy complicada la enseñanza de éste tipo, así que te recomiendo que si tienes dudas me lo hagas saber. Al final de cada lección hay una ventana en donde podrás escribir tu duda o algún comentario que tengas sobre ella. De ésta manera conseguiré los errores u omisiones de cada una de ellas, y así podré mejorarlas. Si lo deseas puedes hacerlo directamente a la cuenta de email.\r\n\r\nAntes de empezar, es necesario fijar varios puntos:\r\n1. Lo más conveniente es que utilices una guitarra acústica con cuerdas de nylon (tipo clásica) para aprender. No importa si lo vas a hacer con una eléctrica (si vas a practicar con amplificador siempre en tono limpio) o con una acústica con cuerdas de acero, pero es mejor con la que te recomiendo.Púa\r\n2. Consigue una púa (plumilla) ya que con ella vas a realizar varios de los ejercicios que se encuentran en éste curso. Sería muy conveniente que compraras varias ya que es muy común que se pierdan. Estas las compras en cualquier tienda de accesorios para músicos.\r\n\r\n3. No trates de ir demasiado rápido, El hecho de que puedas avanzar de una lección a otra de una manera rápida (con sólo un click) no significa que estás listo para la siguiente. Trata de entender y dominar cada lección que tomes antes de avanzar.\r\n\r\n4. "Todo ejercicio debe estudiarse muy lentamente, y una vez dominado puede acelerarse, pero nunca a un tiempo que impida el control de los movimientos". Esta frase es ya muy conocida, es importante que entiendas que cuando se aprende a tocar un instrumento lo más que debes darle importancia es la calidad del sonido que produces, no a la velocidad en que tocas.\r\n\r\n6. Y por último, paciencia y constancia. Toma un tiempo determinado cada día (aunque sea corto) y trata de ser consistente. No se vale desanimarse, toma tu propio paso, poco a poco. Trataré de ser lo más motivante posible, pero si no te comprometes contigo mismo a aprender entonces estaremos perdiendo el tiempo.', '2177097.png', '2d759a90ef9934a3aa6346718b183a50.png', '2021-06-23 18:03:08', 2, 0);
INSERT INTO `temas` VALUES(2, 'Estructura de la Guitarra', 'Bueno, si queremos aprender a tocar la guitarra tenemos que conocer las partes o elementos que constan de ella. Voy a poner las partes de los dos tipos de guitarras, acústica y eléctrica, al primer tipo es la que recomiendo para aprender. La primera es una guitarra clásica y la segunda es una Les Paul.', 1, 'Cuerdas\r\nLa guitarra consta de seis cuerdas que toman su nombre según el sonido que producen cuando se tocan al aire (sueltas) y se enumeran de abajo hacia arriba, tomando como referencia la posición normal en que se toma la guitarra para tocar. La cuerda más delgada es la número 1 y la más gruesa es la 6ta. En las clásicas o flamencas, las tres agudas son de nylon monofilamento y las graves tienen un núcleo multifilamento y un entorchado de cobre (plateado, cobre u otra aleación). En las eléctricas las cuerdas tienen núcleo de acero, el entorchado es de aleación níquel/hierro, acero niquelado u otro metal o aleación.\r\n\r\nClavijero\r\nSu función es la de sostener y tensar las cuerdas, para ello consta de un mecanismo compuesto por tornillos sinfín que hacen girar un eje donde van enrolladas las cuerdas (estas son las clavijas), estos ejes poseen un agujero central por el que se introduce la cuerda. Algunos constructores utilizan diseños personales que permiten distinguir sus instrumentos. La parte frontal es de madera laminada.\r\n\r\nLa Cejuela (Superior)\r\nEs una pieza de forma alargada que va incrustada en la parte superior del diapasón, entre éste y el clavijero. Normalmente es de hueso o materiales sintéticos duros (tales como el grafito). La cejuela controla la altura de las cuerdas al aire sobre el primer traste y permite la separación de las cuerdas, fijándolas gracias a unas ranuras que lleva en su parte frontal.\r\n\r\nMástil - Diapasón\r\nEl Diapasón es una pieza de ébano alargada de forma aplanada que cubre el Mástil, éste tiene una o dos ranuras en las que encajan en la caja y es de madera dura de arce, por la parte frontal. Esta dividido en espacios delimitados por unas barras de metal incrustadas llamadas Trastes, generalmente a éstos espacios se les llama igual. Cada espacio (o traste) representa una nota musical.\r\n\r\nCuerpo\r\nEl Cuerpo o Caja de Resonancia es la parte principal y fundamental de las guitarras acústicas, está formado por la Tapa Superior o Tapa Armónica, la Tapa Inferior y los Costados. Es el encargado de amplificar los sonidos que se producen al tocar las cuerdas, cuando estas se golpean se produce una vibración que es recogida por el puente y se transmite a la tapa del cuerpo, la vibración que produce esta tapa es recogida y amplificada por el cuerpo de la guitarra, sonido que sale a través de la Boca.\r\n\r\nPuente\r\nEl Puente es una pieza alargada y estrecha situada sobre la Tapa Superior a cierta distancia de la Boca. Es donde se fijan las cuerdas antes de colocarlas y tensarlas en el clavijero. El sistema de colocación es similar al del clavijero. Para graduar la altura de las cuerdas en las acústicas en la parte superior del puente nos encontramos con la Selleta (cejuela inferior) y en las eléctricas el mismo puente puede graduarlas, existen 2 principales tipos de puentes: el Tune-O-Matic (usado en las Les Paul) y el de las selletas individuales (usado en las Stratocaster - el que se puede controlar la altura de las cuerdas por separado). Algunas guitarras eléctricas, como las Les Paul, llevan un soporte llamado Cordal que es el que sujeta las cuerdas a la caja de la guitarra.\r\n\r\nPastilla\r\nDispositivo con un bobinado (puede ser de bobina única como en la Strato o de dos como la Les Paul) de alambre delgado que transforma el sonido en señales eléctricas. Las pastillas se controlan mediante un Selector (o conmutador) de dos o tres vías, que permite usar una u otra, o dos a la vez. También tienen un control de volumen y otro de tono.\r\n\r\nAlma del Mástil (Varilla Tensora)\r\nEsta las llevan todas las guitarras de cuerdas de acero y se encuentra a lo largo del Mástil, debajo del Diapasón. Esta compensa la curvatura provocada por la tensión de las cuerdas. La varilla se ajusta por medio de una tuerca hexagonal que se encuentra en el extremo más próximo a la caja o del otro extremo del Mástil (en el clavijero - este extremo es ocultado por la Tapa del Alma, que es de madreperla o de algún material sintético).\r\n\r\nGolpeador\r\nProtegen el acabado de la guitarra y esta colocado en la parte media baja de la guitarra (suele ser de concha de tortuga sintética).', 'partes-de-la-guitarra.jpg', '98c11f401b66a59f5401023ca52e858e.jpg', '2021-06-23 20:43:42', 2, 0);
INSERT INTO `temas` VALUES(3, 'La Posición de Tocar', 'Antes de tomar la guitarra, necesitamos saber cual es la posición correcta de sentarnos para poder sostenerla y tocarla. Necesitas sentarte en una silla resistente con base plana lo suficientemente alta para que tus piernas queden flexionadas en 90 grados, con tus pies apoyando toda su base en el piso, tus rodillas deben estar separadas a la anchura de tus hombros. Tu espalda debe estar derecha y tus hombros relajados y nivelados. Procura que la ropa no te estorbe al tocar, siempre pasa que la manga esta apagado el sonido de las cuerdas.', 1, 'Como Sostener la Guitarra\r\n\r\nPosición normal Apoya la cintura de la guitarra en tu pierna derecha y coloca tu antebrazo derecho sobre el borde de la caja. El mástil queda cerca del cuerpo y un poco inclinado hacia arriba. No pegues la guitarra a tu estómago. Inclina un poco la parte superior de la guitarra hacia dentro para que no tengas que inclinarte demasiado para ver donde pones los dedos de ambas manos.\r\n\r\n\r\nPosición clásica\r\nApoya la cintura de la guitarra en la pierna izquierda, con el mástil inclinado hacia arriba, de manera que la mano izquierda llegue con facilidad al diapasón. El antebrazo derecho se apoya en el borde de la caja. En esta posición el peso de la guitarra queda bien equilibrado. El pie izquierdo se apoya en un apoyapies para que la pierna quede un poco levantada.\r\n\r\nPosición de Pie\r\nCualquier guitarra se puede tocar de pie colgándola con una correa. Es importante que el instrumento cuelgue con el peso hacia el cuerpo y con un buen centro de gravedad, para que las manos y los brazos puedan moverse con libertad. Muchos guitarristas modernos tienden a colgarse la guitarra muy baja por motivos estéticos, pero así resulta más difícil tocar y no es recomendable para principiantes. Para una mayor soltura de la mano izquierda, el mástil debe de quedar inclinado hacia arriba.\r\n\r\nLa Mano Izquierda\r\n\r\nEl dedo pulgar lo colocas detrás del mástil, dejando a los demás dedos libres para pisar las cuerdas. La presión del pulgar se suma a la fuerza de los dedos. La presión la aflojas después de tocar alguna nota o acorde, dejando a la mano moverse con libertad por el mástil. Procura que el dedo pulgar no se cuelgue del brazo de la guitarra. La palma de la mano no debe tocar el mástil de la guitarra, esto es para dejar más libremente a los demás dedos hacer bien su trabajo; de ésta manera le das a tus dedos mucha fuerza para presionar las cuerdas.\r\n\r\n\r\nEs importante que al momento de tocar tengas la posición correcta (la natural), relajado, sin tensión alguna; evitando que te estreses y tratando de formar buenos hábitos desde el principio. Nada de poner las piernas detrás de los primeras patas de la silla, ni aplastarse en ella, ¿de acuerdo?, bien.\r\n\r\nProcura que los dedos que pisan las cuerdas no apaguen el sonido de las cuerdas adyacentes y que estos al pisar las cuerdas lo hagan apretando aproximadamente a poco más de dos tercios de la distancia entre un traste y otro.', 'posiciones-de-la-guitarra.jpg', 'ab9dc1781e380cf7f16742304fb44698.jpg', '2021-06-23 20:43:58', 2, 0);
INSERT INTO `temas` VALUES(4, 'La Afinación', 'Este es uno de los aspectos más difíciles e importantes para el que comienza a estudiar la guitarra, la afinación. Es importante que tu guitarra este afinada, por el simple hecho de que te será imposible aprender a tocarla sino lo esta.', 1, 'Nota que debe dar cada cuerda de la Guitarra\r\n\r\nAntes de empezar a aprender los diferentes métodos de afinar la guitarra, tenemos que conocer que nota debe dar cada cuerda: La cuerda superior (la más gruesa de todas, también llamada 6ta. cuerda) debe dar la nota Mi, las notas de las cuerdas siguientes son La, Re, Sol, Si y la cuerda inferior (la más delgada de todas, también llamada 1ra. cuerda) también al igual que la sexta cuerda debe dar la nota de Mi, pero más aguda claro está.\r\n\r\nEsa afinación es la estándar, ya que una guitarra puede estar afinada de diferentes formas.\r\n\r\nMétodo básico de Afinación\r\nAflojas la sexta cuerda hasta que no dé ningún sonido, y luego la irás subiendo (apretando) muy despacio hasta que dé un sonido claro sin subirla mucho; en ésta disposición se considerará ya afinada la sexta, pasamos entonces a afinar la 5ta. cuerda que después de aflojarla como se hizo con la anterior la irás subiendo muy poco a poco hasta que ésta cuerda tocada al aire (es decir, sin que la pise la mano izquierda) produzca el mismo sonido que el de la sexta cuerda pisada en el 5to. traste. Ya afinada la quinta se procederá sucesivamente a la afinación de las demás cuerdas de acuerdo a la tabla siguiente:\r\n\r\nLa cuerda 6ta. pisada en 5to. traste da el sonido que corresponde a la 5ta. al aire.\r\nLa cuerda 5ta. pisada en 5to. traste da el sonido que corresponde a la 4ta. al aire.\r\nLa cuerda 4ta. pisada en 5to. traste da el sonido que corresponde a la 3ra. al aire.\r\nLa cuerda 3ra. pisada en 4to. traste da el sonido que corresponde a la 2da. al aire.\r\nLa cuerda 2da. pisada en 5to. traste da el sonido que corresponde a la 1ra. al aire.\r\n\r\nEste método puede ser utilizado en cuanto se tenga un oído musical o un oído entrenado, ya que no teniéndolo puede resultar tardado o incluso molesto, o en todo caso en cuando lo hagamos por entrenamiento de nuestro oído.\r\n\r\nAfinación sobre una nota como referencia\r\nUna de las formas comunes de afinar la guitarra es tratando de igualar las notas equivalentes que debe producir cada cuerda de tu guitarra con otro instrumento afinado, ya sea un piano u otra guitarra. Antes de empezar a afinar una cuerda aflójala y luego la vas apretando hasta que el sonido sea el mismo a del archivo de sonido. El sonido de cada cuerda lo escuchas pasando simplemente la flecha del ratón encima de las viñetas azules (la primera vez tarda un poco).\r\n\r\nAfinador Eléctrico\r\nAfinador EléctricoExisten varias formas o métodos de afinar la guitarra, el que yo recomiendo para una persona que esta dando sus primeros pasos, es afinando con un afinador eléctrico. El cual te cuesta un poco más de 300 pesos mexicanos (25 dólares). Afinando con él podrás tener más adelante un afinado absoluto (o exacto) sin tener que usarlo cada vez que tu guitarra se desafine.\r\n\r\nAfinadando por la PCGuitar Tuner 1.02 (como usarlo)\r\nAudio Phonics Guitar Tuner es el afinador de guitarra por computadora más rápido y exacto que este disponible. El programa puede encontrar la nota rápidamente e identificar la octava correcta, lo que te quita la molestia de seleccionar la nota para su afinación. El programa es fácil de usar, contiene todos los tipos de afinación, tiene un buen aspecto, y lo mejor de todo, es gratis.     Bajar\r\n\r\n* Ejercicio Para la Practica Diaria\r\nYa que tengas bien afinada tu guitarra, procedes a realizar éste ejercicio: Toca cada cuerda, de la 6ta. a la 1ra. cuerda con tu dedo pulgar. Cada vez que toques una cuerda pronuncia el nombre de la nota, o algo mucho mejor trata de imitar su sonido con tu voz, varias veces. Así se ejercitará el oído.', 'como-afinar-una-guitarra-paso-a-paso.jpg', '73461975e5c0f75660e8f9779a8c0490.jpg', '2021-06-23 21:42:09', 2, 0);
INSERT INTO `temas` VALUES(5, 'Lectura de Notas y Acordes', '¿Porqué usamos letras para nombrar a las notas y acordes?\r\n\r\nPor que utilizamos el sistema americano que es el que se usa internacionalmente para nombrar las notas y acordes. Aprendiendo éste sistema podremos leer cualquier música escrita para cualquier instrumento. Además, todas las canciones que podamos hallar en la Web se manejan por éste método.', 1, 'Las notas musicales son 7 :\r\nDO - RE - MI - FA - SOL- LA - SI\r\n\r\nEn el sistema americano de notación éstas 7 notas toman el nombre de las 7 primeras letras del alfabeto, pero empezando por la nota LA que es la que sirve de base para la afinación de todos los instrumentos.\r\n\r\nTenemos que memorizar ésta tabla:\r\nA = LA	E = MI\r\nB = SI	F = FA\r\nC = DO	G = SOL\r\nD = RE	-\r\n\r\nTal vez te parezca raro nombrar las notas por nombre de letras pero más adelante te darás cuenta lo útil que es. Si pasas ésta lección sin saber de memoria la letra que representa a cada nota, lo más seguro es que te atores. Si te da un poco de flojera aprenderte esto de memoria, te recomiendo tener ésta tabla a la mano, para las siguientes lecciones.\r\n\r\nEjemplos de los cifrados para acordes:\r\n\r\nG = Sol mayor	Gm = Sol menor	G7 = Sol séptimo\r\nGm7 = Sol menor séptimo	Gb = Sol bemol	G# = Sol sostenido\r\nPor el momento sólo debes saber que todos estos tipos de cifrados (m, 7, m7, b y #) son simplemente acordes diferentes pero todos sobre la base de un acorde, en este ejemplo de Sol.', 'notas.jpg', '45531137c09f6084dc9226deaf05892f.jpg', '2021-06-23 22:05:45', 2, 0);
INSERT INTO `temas` VALUES(6, 'El Diapasón', 'A lo largo del diapasón están los trastes instalados en intervalos, que dividen cada cuerda en notas. Cuando se pisa una cuerda sobre un espacio entre dos trastes (generalmente a éstos espacios se les llama igualmete trastes) y se pulsa (o puntea) con la mano derecha, la cuerda vibra entre el traste y el puente produciéndose una nota.', 1, 'Si queremos aprender y entender como están situadas las notas en el diapasón tenemos que saber como esta conformada la escala musical. Sabemos que la escala musical esta conformada por los tonos Do, Re, Mi, Fa, Sol, La y Si. Ahora, existe una distancia tonal entre cada tono:\r\n\r\n\r\nLa distancia tonal (intervalo) entre Mi y Fa, y entre Si y Do es de un semitono (ó 1/2 tono). Para entender como se aplica la escala musical en la guitarra, y para comprender esas distancias tonales analizaremos las notas que podemos encontrar en la 5ta. cuerda (La - A).\r\n\r\n \r\n  __     1     2     3     4     5     6     7     8     9     10    11    12\r\n    \r\n  e  ||-----|-----|-----|-----|-----|-----|-----|-----|-----|-----|-----|-----|\r\n  B  ||-----|-----|-----|-----|-----|-----|-----|-----|-----|-----|-----|-----|\r\n  G  ||-----|-----|-----|-----|-----|-----|-----|-----|-----|-----|-----|-----|\r\n  D  ||-----|-----|-----|-----|-----|-----|-----|-----|-----|-----|-----|-----|\r\n  A  ||-----|--B--|--C--|-----|--D--|-----|--E--|--F--|-----|--G--|-----|--A--|\r\n  E  ||-----|-----|-----|-----|-----|-----|-----|-----|-----|-----|-----|-----|\r\n  __/\r\nEl diagrama de arriba representa al diapasón, la línea de arriba es la primera cuerda (E aguda) y la línea inferior es la sexta cuerda (E grave). Y los números de arriba te dicen el número de espacio entre los trastes, se toma como primero al que esta pegado al clavijero.\r\n\r\nComo puedes observar en él, hay un espacio saltado entre la nota que produce la quinta cuerda al aire (A) y la nota B, la siguiente nota de la escala musical. Esto es porque entre A y B hay una distancia de 1 tono, o sea que si "caminamos" espacio por espacio a lo largo del diapasón sobre cualquier cuerda estaremos avanzando en semitonos. Ahora vemos que enseguida de la nota B, en el tercer espacio se encuentra la nota C. Vuelve a revisar la gráfica de las distancias tonales y te darás cuenta que entre éstas dos notas (B y C) hay una distancia de 1/2 tono, es por eso que entre esas dos notas no hay un espacio en medio de ellas como entre A y B.\r\nBueno, etc. hasta que llegamos al 12vo. espacio en donde nos encontramos de nuevo a la nota A. Si recorremos las notas de cada cuerda hasta el 12vo. espacio de cada una de ellas nos pasara lo mismo, encontraremos la misma nota con la que empezamos. He aquí el diagrama con todas las notas:\r\n\r\n \r\n  __     1     2     3     4     5     6     7     8     9    10    11    12\r\n    \r\n  e  ||--F--|-----|--G--|-----|--A--|-----|--B--|--C--|-----|--D--|-----|--E--|\r\n  B  ||--C--|-----|--D--|-----|--E--|--F--|-----|--G--|-----|--A--|-----|--B--|\r\n  G  ||-----|--A--|-----|--B--|--C--|-----|--D--|-----|--E--|--F--|-----|--G--|\r\n  D  ||-----|--E--|--F--|-----|--G--|-----|--A--|-----|--B--|--C--|-----|--D--|\r\n  A  ||-----|--B--|--C--|-----|--D--|-----|--E--|--F--|-----|--G--|-----|--A--|\r\n  E  ||--F--|-----|--G--|-----|--A--|-----|--B--|--C--|-----|--D--|-----|--E--|\r\n  __/\r\nSostenidos y Bemoles.\r\nTe preguntarás ahora ¿y los espacios en blanco como se llaman?. Bueno, las notas que vemos en el diagrama anterior (C-D-E-F-G-A-B) las llamaremos notas con nombre propio, entre ellas están esos espacios intermedios que también son notas. Esas notas son sostenidos y/o bemoles.\r\n\r\nSostenido: Nota elevada un semitono (más aguda). Se simboliza con el signo #.\r\nBemol....: Nota bajada un semitono (más grave). Se simboliza con el signo b.\r\n\r\nPor ejemplo, La nota que se encuentra en el tercer traste en la segunda cuerda es Re. Cuando la hacemos sostenida avanzamos un semitono, y cuando la hacemos bemol nos retrasamos un semitono. Veamos como se ve esto en un diagrama:\r\n\r\n \r\n                    __      1       2       3       4\r\n                      \r\n                    e  ||-------|-------|-------|-------|\r\n                    B  ||-------|--Db---|---D---|--D#---|\r\n                    G  ||-------|-------|-------|-------|\r\n                    D  ||-------|-------|-------|-------|\r\n                    A  ||-------|-------|-------|-------|\r\n                    E  ||-------|-------|-------|-------|\r\n                    __/\r\n         \r\nAhora bien, que pasa si queremos hacer sostenida la nota Do que se encuentra en el primer traste en la segunda cuerda - a partir de su posición avanzamos un semitono -. O sea que la nota del segundo traste en la segunda cuerda tiene dos nombres: C# y Db (ambos totalmente válidos). Por eso a las notas que no son sostenidas ni bemoles les llamamos notas con nombre propio (nada más tienen un nombre). Veamos el siguiente diagrama:\r\n\r\n \r\n                    __      1       2       3       4\r\n                      \r\n                    e  ||-------|-------|-------|-------|\r\n                    B  ||---C---|-C#/Db-|---D---|-------|\r\n                    G  ||-------|-------|-------|-------|\r\n                    D  ||-------|-------|-------|-------|\r\n                    A  ||-------|-------|-------|-------|\r\n                    E  ||-------|-------|-------|-------|\r\n                    __/\r\n \r\nAhora te presento un diagrama que presenta las notas del diapasón incluyendo notas con nombre propio (en negrita) y a las demás, pero sólo hasta el 9no. traste:\r\n\r\n   __     1       2       3       4       5       6       7       8       9\r\n     \r\n  e  ||---F---|-F#/Gb-|---G---|-G#/Ab-|---A---|-A#/Bb-|---B---|---C---|-C#/Db-|\r\n  B  ||---C---|-C#/Db-|---D---|-D#/Eb-|---E---|---F---|-F#/Gb-|---G---|-G#/Ab-|\r\n  G  ||-G#/Ab-|---A---|-A#/Bb-|---B---|---C---|-C#/Db-|---D---|-D#/Eb-|---E---|\r\n  D  ||-D#/Eb-|---E---|---F---|-F#/Gb-|---G---|-G#/Ab-|---A---|-A#/Bb-|---B---|\r\n  A  ||-A#/Bb-|---B---|---C---|-C#/Db-|---D---|-D#/Eb-|---E---|---F---|-F#/Gb-|\r\n  E  ||---F---|-F#/Gb-|---G---|-G#/Ab-|---A---|-A#/Bb-|---B---|---C---|-C#/Db-|', 'diapason.jpg', 'd038623aa9e1443d4398deaa95a82972.jpg', '2021-06-23 22:06:14', 3, 0);
INSERT INTO `temas` VALUES(7, 'La Tablatura - Estructura y Pisadas', 'La tablatura es un método de representar la música por medio de diagramas que muestran al intérprete dónde poner los dedos en el diapasón del instrumento, en lugar de señalar el sonido y el ritmo que se producen como ocurre en la partitura.', 2, 'Estructura de la Tablatura\r\n\r\nEstá integrada por 6 líneas que representa las seis cuerdas de la Guitarra. La línea de arriba representa la primera cuerda, o la más delgada de la Guitarra, mientras que la línea de abajo representa la sexta, o la más gruesa de la Guitarra. Una línea vertical indica el principio o final de un compás y la doble línea vertical indica el final de la tablatura. Como se puede ver en el ejemplo:\r\n\r\n1ra. cuerda   e  |----------------------------------||\r\n2da. cuerda   B  |----------------------------------||\r\n3ra. cuerda   G  |----------------------------------||\r\n4ta. cuerda   D  |----------------------------------||\r\n5ta. cuerda   A  |----------------------------------||\r\n6ta. cuerda   E  |----------------------------------||\r\n                                           \r\n                                                   Esta es la cuerda más gruesa\r\nLas letras e, B, G, D, A y E indican el nombre de la nota que produce la cuerda tocada al aire, de la más delgada a la más gruesa. La e minúscula es la nota de Mi pero más aguda (dos octavas más). A veces se ven éstas letras en las tablaturas y otras veces no. La razón de que no las lleva es que esta es la afinación estándar y se da por entendido que es de esta forma.\r\nLas Pisadas\r\n\r\nLos números que encontremos sobre cada línea indican el espacio en donde se debe pisar la cuerda con los dedos de la mano izquierda, y tocarla con la mano derecha. Por ejemplo, si el número 3 ésta sobre la 2da. línea, significa que debemos tocar (hacer sonar) la 2da. cuerda pisada en el 3er. espacio (o traste). El "0" (cero) indica que se debe tocar la cuerda al aire (sin pisarla).\r\n\r\n                 |-----------------------------------------||\r\n                 |-------3---------------------------------||\r\n                 |-----------------------------------------||\r\n                 |-----------------------------------------||\r\n                 |-----------------------------------------||\r\n                 |-----------------------------------------||\r\nCuando se presente un número fuera de la tablatura (generalmente abajo), en este caso el 2, indica con cual dedo de la mano izquierda debe ser presionada la posición que te indica en la tablatura.\r\n\r\nEl número 1 indica el dedo índice de la mano izquierda.\r\nEl número 2 indica el dedo medio de la mano izquierda.\r\nEl número 3 indica el dedo anular de la mano izquierda.\r\nEl número 4 indica el dedo meñique de la mano izquierda.\r\nCuando se quiere que dos o más cuerdas suenen al mismo tiempo se ponen los números en vertical, de ésta forma:\r\n|-----------------------------------------||\r\n                 |-----------1-----------------------------||\r\n                 |-----------0-----------------------------||\r\n                 |-----------2-----------------------------||\r\n                 |-----------3-----------------------------||\r\n                 |-----------------------------------------||\r\nLa siguiente tablatura te indica que debes tocar una secuencia de notas, en esta caso la escala de Do mayor. Las notas son Do, Re, Mi, Fa, Sol, La, Si y Do (C, D, E, F, G, A, B, C):\r\n\r\n                 |-----------------------------------------||\r\n                 |------------------------------0---1------||\r\n                 |----------------------0---2--------------||\r\n                 |----------0---2---3----------------------||\r\n                 |------3----------------------------------||\r\n                 |-----------------------------------------||\r\nCuando se presentan números fuera de la tablatura (generalmente abajo), indican con que dedos de la mano izquierda deben ser presionadas las posiciones que te indica la tablatura. El número 1 indica el dedo índice, el 2 el dedo medio, el 3 el dedo anular y el 4 el dedo meñique.\r\n\r\nAhora, en la siguiente tablatura ya no sólo te indica que notas debes tocar, sino también con que dedo de la mano izquierda debes pisar cada una de ellas. La siguiente secuencia de notas pertenece a la escala de Re mayor:\r\n\r\n              |--------------------------0--2--3--5--7--9--10--||\r\n              |-----------------0--2--3------------------------||\r\n              |-----------0--2---------------------------------||\r\n              |--0--2--4---------------------------------------||\r\n              |------------------------------------------------||\r\n              |------------------------------------------------||\r\n                    1  3     1     1  2     1  2  4  1  3   4\r\n\r\nLa Duración de Sonido\r\n\r\nEste es el aspecto donde difiere más con la partitura. La mayoría de las tablaturas no te dan información sobre la duración de las notas, aunque esto no es de vital importancia\r\n\r\nPero, si es posible intentar algo. En los ejemplos anteriores los números están separados en iguales distancias entre si, así que podemos asumir que todas las notas tienen la misma duración de sonido. El espacio entre los números te indicará cual nota dura más que otra. En los ejemplos siguientes notarás el buen objetivo de separar los números según la duración de cada nota:\r\n\r\nCielito Lindo\r\n\r\n        |--------------------------------------------------------------|\r\n        |--1--1--------0-----1--1--------0-----1--1--------0-----------|\r\n        |--------2--------0--------2--------0--------2--------0--------|\r\n        |--------------------------------------------------------3--0--|\r\n        |--------------------------------------------------------------|\r\n        |--------------------------------------------------------------|', 'tablatura.png', 'b75ad63b965898ee206061683d796a9f.png', '2021-06-23 22:10:42', 3, 0);
INSERT INTO `temas` VALUES(8, 'La Tablatura - Simbología', 'Estos son los símbolos que comúnmente utilizan las tablaturas que puedes encontrar no sólo aquí, sino en la red. Si tienes dudas sobre alguna técnica no dudes en escribir. El efecto lo escuchas pasando la flecha del ratón encima de las viñetas (la primera vez tarda un poco).', 2, 'SLIDE (arrastre)\r\nSe emplea un dedo para pasar de una nota a otra deslizándolo sobre la cuerda. Toca la nota FA y después desliza el primer dedo hasta el SOL en el tercer traste sin reducir la presión.\r\n\r\n   e ||---------1-s-3-----------  \r\n\r\nPULL OFF (tirón)\r\nSe pulsa una nota y se hace sonar una o más notas en sentido descendente jalando un poco la cuerda hacia abajo. Pon el primer dedo en el primer traste y el tercero dedo en el tercer traste. Tocas SOL en el tercer traste y lo levantas tirando de la cuerda suavemente hacia abajo.\r\n\r\n   e ||---------3-p-1-----------  \r\n\r\nRELEASE (pre-bend)\r\nColoca el dedo sobre el LA del 10mo. traste y jala hacia arriba la cuerda hasta la posición de SI sin pulsarla. Una vez en ésta posición, pulsas la nota y mientras aún está sonando dejas que la cuerda regrese a la posición de LA manteniéndola apretada.\r\n\r\n   B ||-------12-r-10---------  \r\n\r\nVIBRATO\r\nColoca el dedo 1 sobre la nota FA del 6to. traste y balancéalo sin presionar demasiado el pulgar, también puedes mover el dedo arriba y abajo sin dejar de presionar la cuerda claro.\r\n\r\n   B ||--------6-v------------  \r\n\r\nHAMMER (martillo)\r\nSe emplea un dedo para pasar de una nota a otra en la misma cuerda. Toca un FA con el dedo 1, y después sin apagar la nota de FA, coloca el dedo 3 en la nota de SOL.\r\n\r\n   e ||---------1-h-3-----------  \r\n\r\nBEND (corvar)\r\nSe hace que una nota suba de tonalidad por medio de un jalón. Toca la nota del traste 10 y la jalas hacia arriba, haciendo que la nota suba un tono, de LA a SI. A veces, cuando es menos que un tono se señala con fracciones.\r\n\r\n   B ||--------10-b-12----------  \r\n\r\nPALM MUTE (notas apagadas)\r\nLa abreviación PM significa que las notas señaladas deben ejecutarse de forma percusiva. Se apoya suavemente la palma de la mano derecha sobre las cuerdas para apagarlas y se tocan las notas, esto produce un sonido apagado.\r\n\r\n          PM ------------\r\n   G ||------2--4--6--8------  \r\n\r\nARMONICO\r\nSe toca la nota y con la yema de un dedo de la mano izquierda se corta el sonido haciéndolo más agudo.\r\n\r\n   e ||--------6-A-----------  ', 'simbologia.jpg', 'bb221e488697bdba770a2ca8dc33a944.jpg', '2021-06-23 22:11:05', 3, 0);
INSERT INTO `temas` VALUES(9, 'La Mano Derecha', 'En ésta lección empezaremos a estudiar los principios de la técnica de la mano abierta o libre. Aprenderás a usar los dedos índice y medio de la mano derecha (izquierda si eres zurdo) para tocar notas. Una recomendación, las uñas de tus manos deben estar cortas.', 2, 'A los dedos de la mano derecha se les asignan las letras iniciales de su nombre en español: p (pulgar), i (índice), m (medio) y a (anular). Esta notación se utiliza para indicar la digitación de escalas, arpegios y melodías. Como te dije anteriormente, en ésta lección sólo usaremos los dedos índice y el medio; y el pulgar, que sólo nos servirá para facilitarnos el uso de uno de éstos dos golpes. Existen dos técnicas para golpear las cuerdas con éstos dos dedos: el Golpe Apoyado y el Golpe Libre.\r\n\r\nGolpe Apoyado\r\nGolpe apoyadoEste golpe es el más fundamental y conveniente cuando se tocan sucesiones de notas sencillas en la guitarra, se utiliza cuando determinado énfasis se requiere. También es la manera de obtener un tono claro y fuerte, probablemente su uso es la gran diferencia entre un guitarrista profesional y uno amateur al saber como y donde usarlo. Te explico éste golpe dividiéndolo en dos pasos:\r\n\r\nPreparación...: La punta del dedo indicado se apoya en la cuerda que va a ser tocada.\r\nConsumación: El dedo toca la cuerda y después descansa en la cuerda de arriba con el esfuerzo muscular.\r\nPara darle facilidad a éste golpe apoya tu dedo pulgar en la sexta cuerda. En la siguiente tablatura te muestro un ejercicio para que utilices ésta técnica. En el tienes que alternar los dedos índice y medio para tocar la primera cuerda al aire (cuerda de Mi) 16 veces. Recuerda, apoya el dedo con que tocaste la primera cuerda en la 2da. cuerda.\r\n\r\n\r\ni   m   i   m   i   m   i   m      i   m   i   m   i   m   i   m\r\n\r\n |--0---0---0---0---0---0---0---0---|--0---0---0---0---0---0---0---0---|\r\n |----------------------------------|----------------------------------|\r\n |----------------------------------|----------------------------------|\r\n |----------------------------------|----------------------------------|\r\n |----------------------------------|----------------------------------|\r\n |----------------------------------|----------------------------------|\r\n         \r\nGolpe Libre\r\nGolpe libreBueno, lo contrario al golpe apoyado. No apoyes el dedo pulgar en la sexta cuerda y el dedo que debe tocar la nota indicada (índice o medio) no debe apoyarse en la cuerda superior. El golpe libre se usa en los arpegios, donde el apoyado podría inhibir velocidad, o para el contraste tonal con el golpe apoyado, o en casos en donde un golpe apoyado haria que se tocara la cuerda superior cuando esta debe de seguir sonando.\r\n\r\nRealiza el mismo ejercicio de arriba pero con golpes libres. También realiza los dos tipos de golpes (o ataques) pero empezando con el dedo medio:\r\n\r\n\r\n\r\n\r\n\r\nm   i   m   i   m   i   m   i      m   i   m   i   m   i   m   i\r\n\r\n|--0---0---0---0---0---0---0---0---|--0---0---0---0---0---0---0---0---|\r\n|----------------------------------|----------------------------------|\r\n|----------------------------------|----------------------------------|\r\n|----------------------------------|----------------------------------|\r\n|----------------------------------|----------------------------------|\r\n|----------------------------------|----------------------------------|\r\n', 'mano.jpg', 'f562413f53daee36d58b56d749b18429.jpg', '2021-06-23 22:15:17', 3, 0);
INSERT INTO `temas` VALUES(10, 'Técnica de la Púa', 'La púa o plumilla se suele utilizar para tocar guitarras acústicas de cuerdas de acero y eléctricas. La púa es imprescindible para tocar solos, el contacto de ella con las cuerdas produce un sonido fuerte y claro. Recuerda comprar varias porque por un motivo extraño (misterio sin resolver) tienden a desaparecer. Existen de varias formas y tamaños, experimenta con varias y encuentra cual o cuales te acomodas o gustan más.', 2, 'Forma de Agarrar la Púa.\r\nToma tu púa y sostenla entre tus dedos pulgar e índice de tu mano derecha (izquierda si eres zurdo), coloca el lado puntiagudo de la púa enfrente de las cuerdas. Los otros tres dedos deben estar curvados hacia adentro. Esa es la manera estándar y la más lógica para sostener la púa. Algunos guitarristas lo hacen diferente: unos las sostienen entre los dedos pulgar y medio, otros usan los dedos pulgar, índice y medio. Si tu tienes una manera más cómoda de agarrarla, entonces adelante.\r\n\r\nExisten cuatro formas de ataque (golpes) de la púa: Golpe Ascendente, Descendente, Alternado y el Económico. El plumilleo (golpe o ataque) hacia arriba se representa en la tablatura así (v), y el plumilleo hacia abajo así (^). Mueve tu muñeca cada vez que des un plumilleo, debes tener tu muñeca relajada.\r\n\r\n\r\n    ^  ^  ^  ^           v  v  v  v           v  ^  v  ^           v  v  ^  ^\r\n |--0--0--0--0--|     |--0--0--0--0--|     |--0--0--0--0--|     |--0--0--0--0--|\r\n |--------------|     |--------------|     |--------------|     |--------------|\r\n |--------------|     |--------------|     |--------------|     |--------------|\r\n |--------------|     |--------------|     |--------------|     |--------------|\r\n |--------------|     |--------------|     |--------------|     |--------------|\r\n |--------------|     |--------------|     |--------------|     |--------------|\r\n\r\n\r\n   Descendente           Ascendente            Alternado            Económico\r\n\r\n\r\nA la vez que toques con ella podrás eliminar la tensión que produce el tener que agarrala fuertemente para que no cambie de posición mientras punteas las cuerdas, y controlar esa relajación para que no se te vaya de la mano.', 'puatecnica.jpg', 'e10c79e61dfceb86aab18d48c3174b26.jpg', '2021-06-23 22:15:34', 4, 0);
INSERT INTO `temas` VALUES(11, 'Ejercicio Cromático', 'Este ejercicio es muy importante porque te ayudará (si lo haces diariamente) a obtener fuerza en tu mano izquierda, además de que sirve como base de muchos otros ejercicios de ésta naturaleza. Y a la vez practicarás lo que acabamos de ver: la técnica de la mano libre (el uso del dedo índice y medio, por ahora) y la técnica de la púa.', 3, 'Antes de seguir avanzando te explico porque éste ejercicio se llama cromático: porque en él se incluyen las 12 notas existentes, las notas con nombre propio y las otras (sostenidos y bemoles). Otra cosa muy importante que tienes que recordar para realizar el ejercicio, a diferencia de la notación de los dedos de la mano derecha que es con sus iniciales, los dedos de la mano izquierda se nombran con números excluyendo al pulgar: 1-índice, 2-medio, 3-anular y 4-meñique.\r\n\r\n1ra. Parte.\r\n\r\nA mover los dedos. Este es el orden en que vas a utilizar tus dedos de la mano izquierda en cada compás (o separaciones en la tablatura): 1 - 2 - 3 - 4. Vas a ir avanzando de trastes, desde el primero hasta el noveno. Relaja tú mano derecha, trata de ir lento, tratando de no equivocarte en cada pisada, procurando que cada nota que toques tenga un sonido claro. Cada nota debe tener la misma duración de sonido.\r\n\r\nTe recuerdo la posición de la mano izquierda: El dedo pulgar va detrás del diapasón sin colgarse de él y los otros dedos deben tocar pisar las cuerdas solo con su yema, cada vez que toquen una nota deben formar un ángulo de 90 grados con su primer dobles. Por ningún motivo la palma de tu mano izquierda debe tocar el mástil de la guitarra.\r\n\r\nEn la parte superior de la tablatura te indico dos técnicas de golpear las cuerdas para practicar el ejercicio: usando los dedos índice y medio (usa el golpe apoyado y luego el libre) y el Plumilleo Alternado (con púa). Los números de abajo de la tablatura te indican con que dedo de la mano izquierda debes presionar la nota que se te indica.\r\n\r\n\r\n   i  m  i  m    i  m  i  m    i  m  i  m    i  m  i  m   etc.\r\n   ^  v  ^  v    ^  v  ^  v    ^  v  ^  v    ^  v  ^  v   etc.\r\n\r\n |-1--2--3--4--|-2--3--4--5--|-3--4--5--6--|-4--5--6--7--|-5--6--7--8--|\r\n |-------------|-------------|-------------|-------------|-------------|\r\n |-------------|-------------|-------------|-------------|-------------|\r\n |-------------|-------------|-------------|-------------|-------------|\r\n |-------------|-------------|-------------|-------------|-------------|\r\n |-------------|-------------|-------------|-------------|-------------|\r\n   1  2  3  4    1  2  3  4    1  2  3  4    1  2  3  4    1  2  3  4\r\n\r\n\r\n |-6--7--8--9--|-7--8--9--10--|-8--9--10--11--|-9--10--11--12--||\r\n |-------------|--------------|---------------|----------------||\r\n |-------------|--------------|---------------|----------------||\r\n |-------------|--------------|---------------|----------------||\r\n |-------------|--------------|---------------|----------------||\r\n |-------------|--------------|---------------|----------------||\r\n   1  2  3  4    1  2  3   4    1  2   3   4    1   2   3   4\r\n\r\n2da. Parte.\r\nAquí se complica un poco. Ahora el orden en que vas a utilizar los dedos de la mano izquierda en cada compás (o separación) es: 4 - 3 - 2 - 1. Vas a empezar en el traste 12 y terminas en el 1er. traste. Recuerda que la palma de la mano izquierda no debe tocar el mástil de la guitarra.\r\n\r\n\r\n    i   m   i  m     i   m  i  m     i  m  i  m    i  m  i  m    etc.\r\n    ^   v   ^  v     ^   v  ^  v     ^  v  ^  v    ^  v  ^  v    etc.\r\n\r\n |-12--11--10--9--|-11--10--9--8--|-10--9--8--7--|-9--8--7--6--|-8--7--6--5--|\r\n |----------------|---------------|--------------|-------------|-------------|\r\n |----------------|---------------|--------------|-------------|-------------|\r\n |----------------|---------------|--------------|-------------|-------------|\r\n |----------------|---------------|--------------|-------------|-------------|\r\n |----------------|---------------|--------------|-------------|-------------|\r\n    4   3   2  1     4   3  2  1     4  3  2  1    4  3  2  1    4  3  2  1\r\n\r\n         \r\n |-7--6--5--4--|-6--5--4--3--|-5--4--3--2--|-4--3--2--1--||\r\n |-------------|-------------|-------------|-------------||\r\n |-------------|-------------|-------------|-------------||\r\n |-------------|-------------|-------------|-------------||\r\n |-------------|-------------|-------------|-------------||\r\n |-------------|-------------|-------------|-------------||\r\n   4  3  2  1    4  3  2  1    4  3  2  1    4  3  2  1\r\nBien ahora que sabes las dos partes, las vas a juntar. Esto es, empiezas en el 1er. traste con el mecanismo 1-2-3-4 hasta el traste 12, y regresas con el mecanismo 4-3-2-1 del traste 12 al 1ro. sin detenerte. ¿Si entendiste lo que vas a hacer?. En éste archivo midi escucharás éste ejercicio a la velocidad correcta en que debes practicarlo.\r\n\r\nUn vicio muy común cuando se empieza a tocar la guitarra, es querer correr mucho enseguida, debemos pensar que la velocidad siempre viene después de la precisión y con ello la calidad en el sonido que producimos.\r\n\r\nNo sólo aprendimos a realizar un ejercicio, si no también practicamos varias cosas: la técnica del Plumilleo Alternado y la técnica de la Mano Abierta (fingerstyle), usando los dedos índice y medio. Ya sabes, éste ejercicio lo realizas diariamente. Si tuviste alguna duda o tienes algún comentario ya sabes como enviármelo.', 'ejercicio cromatico.jpg', '24e444f3cff29cc7249efc10fe929b0b.jpg', '2021-06-23 22:16:25', 4, 0);
INSERT INTO `temas` VALUES(12, 'Primera Posición', 'La razón del porque estamos empezando a pulsar notas y no empezar a tocar los acordes, es para que los dedos de la mano izquierda se te vallan afianzando al diapasón de la guitarra; pulsando primero las notas te dará más seguridad para poder tocar los acordes con más comodidad.', 3, 'Primera posición.\r\nCon ése término me refiero a cierta área en el diapasón de la guitarra, que esta entre los tres primeros trastes. Te recomiendo que utilices una plumilla (púa), y que hagas uso del Plumilleo Alternado (primero hacia abajo y luego hacia arriba). Vas a recorrer las notas de la primera posición desde E de la 6ta. cuerda, hasta el G de la 1ra. cuerda. Tienes que nombrar la nota que vayas tocando.\r\n\r\n\r\n       E   F   G   A   B   C   D   E   F   G   A   B   C   D   E   F   G\r\n\r\n    |----------------------------------------------------------0---1---3---|\r\n    |----------------------------------------------0---1---3---------------|\r\n    |--------------------------------------0---2---------------------------|\r\n    |--------------------------0---2---3-----------------------------------|\r\n    |--------------0---2---3-----------------------------------------------|\r\n    |--0---1---3-----------------------------------------------------------|\r\n\r\n       -   1   3   -   2   3   -   2   3   0   2   -   1   3   -   1   3\r\n\r\nLos números que están abajo de la tablatura indican el dedo de la mano izquierda que vas a utilizar para pulsar la nota en el diapasón. El signo (--) significa que no se utiliza ningún dedo, ya que la cuerda se toca al aire.\r\n\r\nTe recomiendo que vayas cantando el nombre de la nota que vas tocando, y que cuando llegues a la nota de G de la 1ra. cuerda, te devuelvas, es decir, que vuelvas a tocar las notas pero de forma descendente, de ésta manera:\r\n\r\n\r\n       G   F   E   D   C   B   A   G   F   E   D   C   B   A   G   F   E\r\n\r\n    |--3---1---0-----------------------------------------------------------|\r\n    |--------------3---1---0-----------------------------------------------|\r\n    |--------------------------2---0---------------------------------------|\r\n    |----------------------------------3---2---0---------------------------|\r\n    |----------------------------------------------3---2---0---------------|\r\n    |----------------------------------------------------------3---1---0---|\r\n\r\n       3   1   -   3   1   -   2   -   3   2   -   3   2   -   3   1   -\r\n\r\nHe aquí las ventajas de la nueva actualización; archivos MIDI. Antes de oír éste ejercicio baja el volumen de tus bocinas y al accionar el archivo de sonido ajustas el volumen a tu gusto y lo vuelves a empezar. Ahora si, pulsa aquí para escuchar el ejercicio.\r\n\r\n', 'priemrapos.jpeg', '49b51d4624c81045166c67cdf657c36d.jpeg', '2021-06-23 22:17:13', 4, 0);
INSERT INTO `temas` VALUES(13, 'La Escala de Do Mayor', 'Las notas de la escala de Do mayor no tienen sostenidos (#), ni bemoles (b), son las que se tocan con las teclas blancas de un piano (las teclas negras son las notas que no tienen nombre propio). Esta es la única escala que te exijo que estudies a conciencia en éste curso.', 1, '\r\n                     C    D    E    F    G    A    B    C     (Octava)\r\n\r\n                |--------------------------------------------||\r\n                |----------------------------------0----1----||\r\n                |------------------------0----2--------------||\r\n                |---------0----2----3------------------------||\r\n                |----3---------------------------------------||\r\n                |--------------------------------------------||\r\n                     3    -    2    3    -    2    -    1\r\nLos números que están abajo de la tablatura te indican que dedo de la mano izquierda debes utilizar para pulsar la cuerda en el traste que se te indica, y las letras de arriba son los nombres de las notas que vas tocando. Te recomiendo que practiques la escala ascendente y descendentemente varias veces sin detenerte y que vayas nombrando las notas que vas tocando, para que puedas aprenderte los nombres de las notas y su posición en el diapasón.\r\n\r\nEste es el orden en que debes practicar la escala empezando por el Do de la tercera cuerda: C, D, E, F, G, A, B, C, B, A, G, F, E, D y C. Practica la escala ida y vuelta, ida y vuelta sin detenerte, a una velocidad lenta. Puedes oír la escala de Do mayor abriendo este archivo midi: Escala de Do.\r\n\r\nAquí te muestro en tablatura como debes practicar la escala de Do mayor. Las líneas con los "puntos" son símbolos de repetición. Como no te indico cuantas veces hay que repetir lo que esta entre esos símbolos, lo repites cuantas veces quieras, pero cuando decidas terminar lo haces en la nota de Do grave.\r\n\r\n\r\n       C   D   E   F   G   A   B   C   B   A   G   F   E   D       C\r\n\r\n   ||----------------------------------------------------------||---------||\r\n   ||--------------------------0---1---0-----------------------||---------||\r\n   |o------------------0---2---------------2---0---------------o|---------||\r\n   |o------0---2---3-------------------------------3---2---0---o|---------||\r\n   ||--3-------------------------------------------------------||--3------||\r\n   ||----------------------------------------------------------||---------||\r\n       3   -   2   3   -   2   -   1   -   2   -   3   2   -       3\r\n\r\nEjercicios Melódicos\r\nVariando la secuencia de las notas de la escala de Do mayor podemos crear una serie de melodías. Abajo te muestro un par de ejemplos. Practícalos y después intenta crear tus propias líneas o ideas melódicas, pueden tener ritmo o no (todas las notas con la misma duración de sonido), como prefieras.\r\n\r\n\r\n |---------------------------------------------------------------------------||\r\n |---------------------------------------------------------------------------||\r\n |--------------------------------0----2----0--------------------------------||\r\n |-------0----2----0----2----3-------------------2----3----0-----------------||\r\n |--3-----------------------------------------------------------3------------||\r\n |---------------------------------------------------------------------------||\r\n    3    -    2    -    2    3    -    2    -    2    3    -    3\r\n\r\n\r\n |---------------------------------------------------------------------------||\r\n |--1----------------------------------1----0--------------------------------||\r\n |-------2----0----2----0---------2--------------2----0----------------------||\r\n |---------------------------3-----------------------------3----2----0-------||\r\n |------------------------------------------------------------------------3--||\r\n |---------------------------------------------------------------------------||\r\n    1    2    -    2    -    3    2    1    -    2    -    3    2    -    3\r\n\r\nLa escala de Do mayor (como cualquier otra) puede ser tocada en varias partes del diapasón, pero es en esta posición la que primero tenemos que dominar. En la lección anterior, que sirvió para aprendernos las notas de la primera posición (los tres primeros espacios del diapasón), recorrimos las notas que pertenecen a la escala de do mayor, puesto que no tocamos sostenido (o bemol) alguno.', 'escala-mayor-de-do.png', '5fc779c902ad661bfa65e258c3980044.png', '2021-06-24 15:02:10', 4, 0);
INSERT INTO `temas` VALUES(14, 'Tema insercion', 'Tema de Prueba', 1, 'ABC', 'fgedrhgrhg.webp', '3345c43a4a491c47276f2d0699482d5e.webp', '2021-06-28 01:05:59', 1, 0);

/*!40101 SET CHARACTER_SET_CLIENT=@OLD_CHARACTER_SET_CLIENT */;
/*!40101 SET CHARACTER_SET_RESULTS=@OLD_CHARACTER_SET_RESULTS */;
/*!40101 SET COLLATION_CONNECTION=@OLD_COLLATION_CONNECTION */;
